alignment_id	sequence_id	binary_code	sequence	structure
alignment_1	1	000000	GAUCUGUGUACAGAUCCCGUGGUGACAGUCGAAAAACACCCCGACGUGUGCGCUCCGGGAUUGCACGUCCUCCCCAGCUGCGGUCAACAGCUAGUCGAUUCUGUCAGACCCCUGG	((((((....))))))(((.((((((((((((.......(((((((....)).).))))................(((((.......)))))..))))..))))))..)))..))
alignment_1	2	000001	GUUCUGUGACCAGAACCCGUGGUGGGCUUCGAACAACACCCCCACUGCGCGUUGGGGAUUGCACGUCCUCCCCUGCUACGAUCAAUAGCAAGUCAAUUAGCCCAGACCCCUGG	((((((....))))))(((.((((((((.((..(((...((((((.....)).)))).)))..))........(((((.......)))))........))))))..)))..))
alignment_1	3	000010	AGCUCUAUGUAUAGAGCGCCGUCUGCGGAGCGACGGACAACACCACGGCCAUGCGCUCGUGAGCACAUGUCAACCCCAGCUACCAUCUCUAGCUAGUCAAUUCGCUCCGAGCGUCCGCG	.((((((....)))))).((..(.(((((((((..(((.....((((((.....)).))))................(((((.......))))).)))...)))))))..)))...).)
alignment_1	4	000011	GGCUCUAUGUAUAGAGCGCCCUGUGCUGAGUGGAACUACACCACGCACCAUGCGUGCCGUGAUCACAUGUUAUACCCAGCUACCAGCUCUAGCUAGUCAACUCACUCACAGCCUUUGGG	.((((((....)))))).(((.(.(((((((((........(((((((.....))).))))................(((((.......))))).......)))))))..)))...)))
alignment_1	5	000100	CAGCAUUGCAUGCUGACCUGCUUAGCGAAUGAAAACACCCAGCUCCAUUCGAGGCCUGAAGGACGAGGCCUCCCCUGCAACCAUUGAUUGCAUGUAAACGCGCAAAGAGCGCGGU	((((((...))))))(((.((((.(((............(((((.(....)).).))).(((......)))....(((((.......)))))........))).))..)))..))
alignment_1	6	000101	CAGCAUUCCAUGCUGAGCUGCUGAGCGUGACAACACCCAGCUCUAUUCAAGGCCUGUAGAGCGUGGCCUACCCUACUACCAUUAAUAGUAUGAAAUCUCGCACAGGGCGCGCU	((((((...))))))(((.((((.(((.((.......(((((.(....)).).)))(((.((...)))))...(((((.......))))).....)).))).))..)))..))
alignment_1	7	000110	CAUCAUUUCAUGAUGAAUAUGCUAAGCGCUCACAACACCGGCUAUCAUUCGUACGACCUAGGAGCGUGGCCUCCCCUGAUACGAUCAAUAUCAAGAUAAUUCGCAUAGAGCACCGUU	((((((...))))))(((..((((.(((...........(((.(.(....))..).))..((((......))))..(((((.......)))))........))).))..)))...))
alignment_1	8	000111	CAUCAUUUCAUGAUGAACUGCUCAGCGCUGAGAACACACACAUCAUUCGUACGUGAAUAGCGUGACCUCCCCGGAUACGAUCAAUAUCCAAGAUAAGUCGCAGAGAGCGCGUU	((((((...))))))(((.((((.((((((((..(((.((((.(....))..)))......)))..)))...(((((.......)))))......)).))).))..)))..))
alignment_1	9	001000	ACUCUUUGCAAGAGUCUACCUGGGAACAGUGCGAUACACGUCGUUGAGGUGAAUCGAAUUCGCGUUGACUCGCCAGGCCUCAUCUAGGCCUGGAAAAAUCUGUUCGACCGCUGUGA	((((((...))))))..(((.((((((((.((((......(((((......)).)))..)))).........((((((((.....))))))))......))))))..)))..))..
alignment_1	10	001001	GCUCUUUGCAAGAGCCUGCCUGGGGACAGUGCGAUACACGCCGUCGAGGUUGACCGGAUUCGCAUCGACUCGCCUGGCCUCAUCUAGGCCAAGUAAAAUCUGUCCGACCGCUGCGA	((((((...)))))).((((.(((((((((((((......((((((....))).)))..))))).......((.((((((.....)))))).)).....))))))..)))..))).
alignment_1	11	001010	GCAGUGUGCCACUGCUCACUGGUAAUUGUAGCGAAACACGCCGAGGUUUCUACGGUUUAGCGUCGACUCGCCUGUCCUCAUCCAGGACAAGUAAAUUCAAUUAGACCGCUUGGA	((((((...)))))).(((.((((((((...........((((((....)).))))...(((......))).((((((.....))))))........))))))..)))..))..
alignment_1	12	001011	GCCCCUUGCAGGGGCUCACUGGUAAUCGAACGCCAAUCACGCGGAAUGUUUAUUACCGAUUCGCGUCGACUCGCCUGACCUCAUCCAGGUCAAGUAAAUAUCGAAUAGACCGCUUGGA	((((((...)))))).(((.((((.((((((((.(((....((((.(....))..)))))).))))......((.((((((.....)))))).)).....)))).))..)))..))..
alignment_1	13	001100	CCUAUUCGCAAUAGGCACUUGCUCGAUAUGUGUAAGCUCGCCGAAGAUGUCUCCUGGAUUCGCGUGCGCCACCCUUGCGCCUAUCUAGCGCAAGUAAACUAUAUCAGGAGCACUGUGG	((((((...))))))((((.(((.((((((((((.((...(((.((....)).).))....)).)))))....(((((((.......)))))))......))))))...)))..))).
alignment_1	14	001101	CUAAUCUGCGAUUAGCCACCUGCCUAUAUGGUGAGAGCGUCGCUCGAGAUGUCUCCGGAAUUCGCAGUGCGACACCCGUGCGCUUAUCAAGCGCAAGUACACUAUAUAGGAGCGCUGUGA	((((((...)))))).((((.((((((((((((...(((...(.((((....)).)))....))).(((...)))...(((((((...)))))))....))))))))))..)))..))).
alignment_1	15	001110	GGAAAGUUGCACUUUCCCUACCUGGUCAGAGUGAUGAAUGCUUGGCGCGAUUUCGACGCAUUCGUGUGCGCCUCGCCUGCGCUUAUCAUGCGCAUGUAUACCUCUCAGAGACCGUUGUAA	(((((((...)))))))..(((.((((.(((.(...........(((((....)).)))....(((((((.......(((((.......))))))))))))).))).))..)))..))..
alignment_1	16	001111	GCUAUUUGAAAUAGCCUACCUGGUCAUAGUUUAAAUGCUUAUGCGGCGAUUUCGCCCGCAAGUCGCAUGCGCCUCGCCUGCGCAGAUCAAGCGCAAGUAUACUCUAAGAGGCCGCUGUGA	((((((...))))))..(((.((((.(((..((.((((...(((((((....)).)))))....))))(((...))).(((((.......)))))....))..))).))..)))..))..
alignment_1	17	010000	GCCCAGUGCCUGGGCUGCGUCCAAGGGGACACGUUUACGAAGCCAGAGAUUACUCCUGACACGGAUCGCCUCCAUUCAUCGUAUCUUGAUGAAUUUAACUGUGUCCCACCUGGCACUGACA	((((((...))))))(.((((..((((((((((.(((......(((((....)).)))....(((.....)))((((((((.....)))))))).))).)))))))..))))))...))..
alignment_1	18	010001	UCGCAGUGCCUGCGAUGGGUCAAGGGGACCCGUUGCCGCAGCAAGAGAUAACUCCUUAGACGUAUGUCCUUCCAUCAUCGUGUCUUGAUGAAGUUAACUGGGUCCCACCUGCAUUCACA	((((((...))))))(.(..(.(((((((((((((...))))(((((....)).))).(((....)))......((((((.....))))))........))))))..))))....))..
alignment_1	19	010010	GCCCAGGGCCUGGGCGUUGGGAAGUUGACCUGCUGAGGCAGCUAGAGAUUACUCCUAACACGAAUGGCCUCCCCUGUUCUCUACAAGAACAAGUCAACUAGGUCACAACUCCCCUAAGA	((((((...)))))).((((((.(((((((((..(((((...(((((....)).))).........)))))...((((((.....)))))).......)))))))..))))))..))..
alignment_1	20	010011	GCCCAGUGCCUGGGCUUGCAAGUUGACGCGCCAAGGCAGGCUAGCAGAUUACUCCGUAGACACGAAUGCACUCCCCACAUCCCUUCAAGAUGUAGUCAACUGCGUCACAACUGCCUAAA	((((((...))))))(((((.(((((((((((......)))(((.((....)).).))........((.(((....(((((.......))))))))))...))))))..)))))..)).
alignment_1	21	010100	UCCCUGUGCCAGGGAUAACAGUGCGAUGCGCUGCGGCACGCGCAGCAGAUUACUGCCUCGUUCAUGGGACGCCUCCCCUGCCCCCAACAAGGGCAAGUCGACUGCAUCGGACAUGCUUUAA	((((((...)))))).((((.(((((((((.(.((((..(((.(((((....))).)))))....((((....)))).(((((.......))))).))))).)))))))..))))..))..
alignment_1	22	010101	UCCCUGUGCCAGGGAUAACAGAGCGAUCCGCUGCGGCAAGCCCAGCGAUUACGCCUGGACCAUGAAACGCAUUCCCAGUAUCCAACAAAUACUACUCAACUGGAUCGGACUUGCUUUAA	((((((...)))))).(((..(((((((((.((((.((..((.((((....)).))))....))...)))).....(((((.......))))).......)))))))..)).)..))..
alignment_1	23	010110	UCCCUUUUCAAGGGAUCACCAGAGUGAUUCGAUGGGGCAGCCCGAAGAUUACUCUCGGACAUGAAACGCCUCAUCUGCCCCCAACAAGGGCAAGUCCAAUGAAUCACACUUGACUUGAA	((((((...))))))((((..(((((((((((((((((..((.((((....)).)))).........))))))))(((((.......)))))........))))))..))))...))).
alignment_1	24	010111	GCCCGCUUCGCGGGCCCACAGAGUGAUUCGGUGGGGCAGCCCAAUACAUUAGUCUUUGGAUGUGAAACGCCACAACGUCAACCCAUCAAGUUGAAGCUCAAAUGAAUCACACUUGCUUGAA	((((((...)))))).(((.((((((((((...((((..((.((.((....)).).))).((((......))))...(((((.......))))).))))...)))))))..))))..))..
alignment_1	25	011000	GCUCUGUGCCAGAGCUAGGCACUAAGUUUUAGAGUGAGGCUCCAAGCAAAUGCUUCCGUUAAUCAUAAAGCGGCGGCUCUUCGGAAUCCCGCAAGAAAUCAAUUCUAUAACACUUGUUCUCCA	((((((...))))))..(((...(((((.((((((((.((((((((.((....)).).))...........)).)))(((((((....))).))))..)).)))))).))..))))....)).
alignment_1	26	011001	GGUCUGUGCCAGACCUAGUCCUAUUUAUUGACUGAGGCUCCAAUAAAUUGUUCAUUAAUCAUAGCAGCGGGGGCUCCUCGGGAUCCGGCAGGAAAACAGUUCAAUAACAAUUGGCUACA	((((((...))))))..(((..((((((((((((..((((((((((....)).))).............)))))(((((.(....).).))))...))).)))))))..)).)...)).
alignment_1	27	011010	ACUCUGUGCCAGAGUUACGUCACGUGAUUUACUGAGGCACCAAGCAUUUGUGCCUUAGCAAGACAGCCGGCCCUCGUCGUUGAAUACAUGCACGAGAUCAAUUAAAUCACACGGGCUACGA	((((((...))))))..((((.(((((((((.((((((...(((((....)).))).((......))..)))((((((((.......))).))))).)))..)))))))..)))...))).
alignment_1	28	011011	GCUCUGUGCCAGAGCUAGAUCCUACGGUAUUUACUGAGGCUCCAACGAUUUGUCCGUUAACAGUACAGCAGCCCCUGGUUGGUGAAUACAUACCACCAGAUCAAUUAAAUACCACGAGGCUACAA	((((((...))))))..(.((...(((((((((.(((((((.((((((....)).))).........).)))).((((((.(((....))))..))))).)))..)))))))..)).)...))..
alignment_1	29	011100	GUUCUAUUCUAGAACGUCGAAGCUGACUCACUUCGGCACCCGGACAUUCGUCCCGAACCUUAAUUCCUCGCCACGGUCCUAUCCAGACCGGAGGAAAUUGAGGCAUAACUUGCUACA	((((((...))))))(((.(((.((.((((..........(((((....)).)))........((((((....(((((.......)))))))))))..)))).))...))))..)).
alignment_1	30	011101	GAUUCUUUCAGAAUCAGUCGAAGUGACUCACUGCGGCACCCGGCCAUUCGGCCCGAACCUAAAUCCCUCGCCAUGGUCCUAUCCAGACCAAUUCAAUUGAGUCAAACUUGCUACA	((((((...)))))).(((.((((((((((....(((...(((((....)).)))..............))).(((((.......))))).......)))))))..))))..)).
alignment_1	31	011110	GCUAUUUCCAAUAGCAAAUGACUUAGUGAUUCCCUGAGGCACCGGGGAAAUUCUUCCCCCAACCUAAAUGCCGCCCCUCAUCCAAUCAAGAUGACGUCAGUUGAAUCAAACUUGUCUAUC	((((((...))))))..(((((..((((((((.((((((((..((((((....)).))))........)))).....(((((.......)))))..))))..))))))..)).))).)).
alignment_1	32	011111	ACUCUUUCCAAGAGUAAGUGACUUAGAGAAUCAGUGAGGCACCCCGAGAUUCCUCCGGACCCUAAAUGCCUCCCCUCAUGCAAUCAACAUGAAGUCAAUUGAUUCUAACUUGUCUACC	((((((...))))))..(((((..(((((((((((((((((..(((((....)).)))........))))))...(((((.......))))).....)))))))))..)).))).)).
alignment_1	33	100000	CAUCGUUACACGAUGGUCCGGGUGACAACUAAGACCCGGAUUGUAUUAAAUUAUCGAAACGCAAGACUCUCACAAUCUCUAGUGAAGAGAUUAACCAUGGUACUUGUCACACUCGUACC	((((((...))))))((.((((((((((.....(((..((((.(....))..)))..................(((((((.....)))))))......)))..))))))).).)).).)
alignment_1	34	100001	GAUGGUGACACCAUCGUCCGGUGACAAGUAAUACCCCAAUGGUAUUAACUUAUUGAAACGCAAGACUGUCACAUGCUCUAGUGAAGAGCAUACCAAGGAGUUGUCACACCGUACC	((((((...))))))((.(((((((((.(.......(((((.(....))..))))....(((....)))...(((((((.....))))))).......).))))))..))).).)
alignment_1	35	100010	GAUAGUUACACUAUCGUGCCUUGAAAUCGAGAAACCCUGAUAGUAGUAAUUUAUCGAAACGUAGGCUAUCGCCGGCUCUAGUAAAGAGCCUAACCAUCUGACAUUUCACAAGGUACC	((((((...))))))((((((((((((..(((.....(((((.(....))..)))).......(((....)))((((((.....))))))......)))...))))))..))))).)
alignment_1	36	100011	GAUAGUUACACUAUCCUGCGUUGAAUACGAGAAACCCCUAUAGUAGUAAUUUAUAGAAACAUAGGCUAUCACCAGCUUUAGGGAAAAGCUUAACCAUAUGACUAUUCACUACGUACG	((((((...))))))((((((((((((..........(((((.(....))..))))...((((((.((.....((((((.....)))))))).)).))))..))))))..))))).)
alignment_1	37	100100	GAGGUUUACAACCUCUUGGCGAUGUAUGUGAAACACCCUCUGUCAUCCGAACUGAGCACGCGCAUGCUCUUCAGCAACUCCAAUGAAAGAGUUUAACCAAUUUCAUUCACAUCGUCCAA	((((((...)))))).((((((((.(((.((......((((..(....).)..))).........(((....)))(((((........))))).......)).))).))..))))).).
alignment_1	38	100101	AAGGAUUUCAUCCUUAGCCGCUGGCUAAAAAACACCCACCGCAUCCGGCUGUGCACACGCAUGCUCUUCAGCACACGCCAAUGAAUGCGUUGUAACCAAUUUUAGUCACAGCGUCCU	((((((...))))))((.((((((((((((......((((.(....))..))).........(((....)))(.((((........)))))........)))))))))..))).).)
alignment_1	39	100110	GGGGUUUAGCAACCCCAUGCGAGGUCGAUAAAACAACUGUUGGAUUCCAUUACAAGACGAAUGCUCUUCAGCAGCCCUAAAUGAAAGGGCUUAACCAAUUUCGUCCCUUCGUACU	((((((....))))))((((((((.(((.........((((.(....))..)))........(((....)))((((((.......)))))).........))).))..))))).)
alignment_1	40	100111	GGGAAGUAGCCUUCCCUGACGGUGUCGAUAAAACACCUAUUUGCAUUCGAGUUAUAACACGCAUGCUCUUCAGCAGCCUUAAAUGAAAAGGCUUAACCAAUUUCGUCACUCCGUCCA	((((((....))))))((((((((.(((.........(((.(.(....))...)))........(((....)))((((((.......)))))).........))).))..))))).)
alignment_1	41	101000	CUAAUGUUACACAUUAGGAGUCACGAUGCGAAAACGCCCGGGGGGAUACCCUUCCCGAAUCGCAAUAGCUGUCACGGACUCACAUGAAGAGUCAAUCAAUCGCAUCGCAUGAUUCC	(((((((...)))))))((((((((((((((.......(((((.(....))..))))....((....)).......(((((.......)))))......))))))))..))))).)
alignment_1	42	101001	UAACGUUUCACGUUAUCGUCAACAUGAGAAAAAACCGGUGGGGAUUCCCCUUACCAAUCGCAAUAGCUGUCACCAACUCACAUGAAGAGUUAAUCAAUCUCAUGUCAUGAUGGA	((((((...))))))((((((((((((((.......(((((.(....)))..)))....((....)).......(((((.......)))))......))))))))..))))).)
alignment_1	43	101010	GAAUGUACUACACAUUCCGCGCCAAGAUGAUAAAACACCGUUCGUUACACCAGAUAACAAUCGCAAGAAUCUGUCAGCAAUGUCAUAAUAUGACAUACUCAAGCUCAUCUUAUGGUGCGG	((((((.....))))))(((((((((((((.........((((.(......))..)))....(((......))).....(((((((...)))))))........))))))..))))))).
alignment_1	44	101011	GAAUAACUACUUAUUCCGCGCCAAGAUGAUAUGACACCGAUCGGAUACCCGUUAUCAAUCGCAAUAAUCUGUCAGCAAUGUUGAAAGAAAACAUGAAAUCAAUCUCAUCUCAUGGUGCGU	((((((....))))))(((((((((((((..(((((..((((.(.....))..))).............)))))...(((((.......)))))..........))))))..))))))).
alignment_1	45	101100	GAUUAUUACAUAAUCAUAUCUCGAUGAUAAAACACCAAUUUGGGAUUCCCAUUAAUUAAUCGCAUGUUCUCAGACCCUCACAUGAAGAGGGAAUGAGUGUCAUCGCAAGACACU	((((((...))))))((.(((((((((((.......(((.((((...))))..).))...........((((..(((((.......)))))..))))))))))))..))).).)
alignment_1	46	101101	GAUUAUUACAUAAUCGUGCCACGAUCAUAUAAAGUCCAAUGGCAUUCGCUUAUUAAUAGCAUGUUCUCAGCCCCUCACCUGAAGAGGGUAGGUGUAGUGAUCGCAUGGCACC	((((((...))))))(((((((((((((.........((((.(....))..)))....((.((....))))(((((.......)))))........)))))))..))))).)
alignment_1	47	101110	GAUGGUUCCACCAUCGUGGCAUGAUGAUAAAAAACCAUCCGGAUGCCGGUGAUAAUCGCUUGCUCUCCGCCAAUCACAUGAAGAUUGAAUCUGUGUCAUCACAUGCUAAC	((((((...))))))((((((((((((((.......((((.(....))..)))........((.....))(((((.......)))))......))))))))..))))).)
alignment_1	48	101111	GAUGGUUCGACCAUCGUGGCGCGAAGAUAAAAAACCACUCGUAUGCAGUUAGUAGUCGCAUGCUCUCCGCGAAUCAGAUGAGGAUUCAAUCCGUGUCUUCGCACGCUAAC	((((((...))))))((((((((((((((.......((((.(....))..)))........((.....))(((((.......)))))......))))))))..))))).)
alignment_1	49	110000	AUCAUUUGUAAUGAUAUAGAGAAUAGGAAAACACGCCACGGCAUUCGCUAGUGAAUCGUGUGGCUGAAUAGCUGGUCGCGUCGAGACCAAACCUGUCCUAUUCCGUCUUAU	((((((...))))))(((((((((((((..(((((.((((.(....))..)))...))))).(((....)))(((((.......)))))......))))))))..))).))
alignment_1	50	110001	GUUAUUCGUAAUAACGUAGAUUAAAGGAAAACACGCCAAGGCAUUCGCUAUUGAAACGCGUGGCUAAUAGGUGUUCACGUCGAGAACAAACCUGUCCUUUAACGUCUAAC	((((((...))))))((((((((((((....(((((((((.(....))..)))....)))))....((((((((((.......)))))..))))))))))))..))).))
alignment_1	51	110010	GUCCUUUGCAAGGACGUGGACAAUGAGAAAAGAUGCCAAAGAAUUCUUUAUUGUAACGCAUGGCUAAUAGCUGCCCCACGUCCGGGGCACGCCUAUCUCAUUGCGUCCUAC	((((((...))))))(((((((((((((....((((((((.(....))..)))....))))........((((((((......)))))).))...))))))))..))).))
alignment_1	52	110011	GUCCUUUGCAAGGACGCCGACUAAGCCCAAAAGAUGCCAGAGAAUUCUUUACUGUAACGCAUGCCUAAUAGCGGUUCACGUCCGGAACCCGCCUAUCGGCUUAGCGUCGUGC	((((((...))))))((((((((((((......((((((((.(....))..)))....))))........(((((((.......))))).)).....))))))..)))).))
alignment_1	53	110100	GGCUAGGAGCCCUAGCGCGUAUAGGAUCGGAUAAACAGGUCAGACGAAUUCUGUUACUGACAACUUCUUGGCUGCACAGGCCCGAGUACGUCCGACUCGAACCAAUCCGAUCCCAUAUGAC	(.(((((...))))))..((((((((((((((......(((((((.(....)))..)))))........((((.....))))(((((.......))))).....)))))))))..))).))
alignment_1	54	110101	GGCAAGGUGCCCUUGCCGGAUAGGAAUCGGAUUAAACAGGUCAGCGAAUUCUGUACUGAAGCUUCACUGGCUCACCGGCCCUGUGAACGUCUGUCACGGUACCAACCCGAUUCCAUCAUUCC	(.(((((...)))))).(((((((((((((..........(((((.(....))..))))((((.....))))....((.((.((((.......))))))..))...)))))))).).)).))
alignment_1	55	110110	CCUUGGUGCCCAAGGCUAGACGAGCAGAUGAUAGGUCACCGAAAUCUGUAGUGAUACGUCAUCGGCUCACGGGACCGUUAACGUCUGUAACGAUCCAAUCUGCUCGCAUCUUAG	((((((...))))))(((((((((((((((((..((((((.(....))..)))))..)))..((.....))(((.(((((.......))))).))).)))))))))..))).))
alignment_1	56	110111	ACUUGUCUGCAGCAAGUGAAGGACGAUCGGAUAAUAUGGGUCACCGAAUUCUGUAGUGUUACGUCAUCGGCUCACAGGCCUGUUAAGGUGUGUAACAAUCCAAUCCGAUCGUUACCUUUC	((((((....).)))))(((((((((((((((....(((((((((.(....))..)))..........((((....))))(((((.......))))))))))))))))))))..))).))
alignment_1	57	111000	GCAUUGUCCCAAUGCUGACCCGAUCGGAAAAGACCCGUGGAAUUCUCUCACGUAAGGGCAGGCACACUUGCUGCCCGAAUCGAGGGCAGAUCCGUCCGAUCGCAGGUUCA	((((((...))))))(((((((((((((.....((((((.(....))..)))...))(((((....)))))(((((.......)))))......))))))))..))).))
alignment_1	58	111001	GCAUUGUCUCAAUGCGCAGCUGAACGGAAAAACACCCGUCGAAUUCUGUCACGUAAGGCAGGCACCCAGGCUGGGCGAAUCGAGCCCAGAUCCGUUCCGUUCACAGCUUGC	((((((...))))))((((((((((((((.......((((.(....))..)))...((......))..((((((((.......))))))..)).)))))))))..))).))
alignment_1	59	111010	AUCCUUUUCCAAAGGAUGGAGUUAAUCAGAAAACACCCCUGGGAAUUCUCUCCAGGUCAGGCAUGGACACACCGGCCCGAAGCGAGGGCCGAUCCAUCUGAUUAUAACUUCC	(((((((...)))))))(((((((((((((.......(.(((.(....))..)))(((.......)))....((((((.......)))))).....))))))))..))).))
alignment_1	60	111011	CCCUUGUCCCAAGGGGAAAUUUUAUCAGACAACACGCUGCGUAAUUCUAGUCCAGUGAGGCGUGCACACACCGCGGCCAGAAGCGAUGGCCGAUCCAUCUGAUAACAAAUUUUC	((((((...))))))(((.((((((((((.....((((((..(....).)..))))).((.((....)).)).((((((.......)))))).....))))))))..)))..))
alignment_1	61	111100	GCCACCUCCGGUGGCCGCUCGUUAAGCAGAAUACACCCAGCGCAAUCGGGCCUGCAAGGCAUGCACAGAGGUGAACACGUGGAGUUCACUUCCCCCUGCGUACAACGUAGCG	((((((...))))))(..((((((.((((......((((((.(....))..)))...))........(((((((((.......)))))))))...)))).))..))).))..
alignment_1	62	111101	ACCACCUCCGGUGGUCGCUAGUUAAGCGAAAUACACACUGCGGAAUCCGUCCAGAAAGGCACCCACAGAGGAGAACGCGUGGAGUUCUCAUCCCUCCGCUUACAACUUAGCG	((((((...))))))(..((((((((((.........((((.(....))..)))...((...))...(((((((((.......)))))....))))))))))..))).))..
alignment_1	63	111110	GCCGCUACCAGCGGCCCUAGGUAAUCGGAAUACACCCAGCGAAGCUUGUCCUGACAGGCAUGCACAUCGGAGGAUGGACGCGUAGAGUCCAUAUGUGAACCUCCGAUUACGCCUUAGG	((((((...))))))(.((((((((((((.......((((.(....))..)))...((....(((((......((((((.......)))))))))))..))))))))))..))).)).
alignment_1	64	111111	GCCUCCUCCGGAGGCCCUAGGUAAUCGGAAUACACCCUGCUAAGCUUGUCCAGCCAGACAUGCACACGGGGGGGGAUGCGUAGAAUCCCUAUUCGCCUCCGAUUACACCUUAGG	((((((...))))))(.((((((((((((.......((((.(....))..))).............((((.((((((.......)))))).))))..))))))))..))).)).
alignment_2	65	000000	AUAGCUGGUAGCCUGGUCUCCCCCAUGCAUUUGGUACUUUCGCAGUCGAAGGUGUAACCACUUGCGGUUCCACCAAGUCGAGUUCGACAAACCCUGGCGGACGAACCGAGCUACCAGC	...((((.((((.((((((((.(((.(..((((......(((.(.((((.((((.((((......))))).)))...)))).).))))))).).))).))).).)))).))))).)))
alignment_2	66	000001	AUAGCUGAGUUCCCUGGCCUCCACACUCUGCAUUUGGUACACACGCAGUCUAAGCCGUAAUCACUUGCGAUUCCUGCAAGUAGAGUUCGUCAAAACCAGUCGGACGAGCCGAGGCACUCAGC	...((((....((.((((((((..(((..(..((((......(((.(.((((.((.(.((((......)))))..))...)))).).))))))).).))).))).).)))).))..)..)))
alignment_2	67	000010	AUAUCUAUGUAGCCUGCCCCUCCCUCUUACAAUUUGUACUUGCCCAGUAUAACGCGUAGCUACCUGGAGCUCCUCGAAGUAUAUUUGGCAAAUCUAAGACGGACGAGCGCGUGCUAUUCAGA	...((((..((((.(((((.(((.(((((..((((......(((.((((((.((.(.((((......)))))..))...)))))).))))))).))))).))).).).))).)))))..)))
alignment_2	68	000011	AUAUCUGAGUGAGCCUUGCCUCUCUCUCGACUUCGUGCUUAACCAGUAUAACCGAGUAGCUACCUGGAGCUCCUCGGAAGUAUAUUUGCUGAAGCCCAGAGAGACGAGCCGUGCCACCUCAGA	...((((.(((.((...((((((((((.(.((((......(.(.((((((.(((((.((((......))))).))))...)))))).).))))).).))))))).).))...))))))..)))
alignment_2	69	000100	GUAGAAGGUGGGAGGGAUUCCUUCUUGCAUUUACUAGUUACGCUCUAGACACGCCGUAGACACUCGCGUCACGCUCGUGGCUCUAAUUCGUUCAACCCAGACGGACGAUCGGACCUUCGUUC	...((((..(((...((((((.(((.(..((.(......(((...((((((((.(((.(((......))))))..))))..))))...)))).)).).))).)))..)))...))).).)))
alignment_2	70	000101	GUAUAAGGUGGGAGGCAUUCCGGCUUGCAUUUAGUAGUUACGCUCUAUACGCGCCGUAACCACUAGCGGUGCGCUCGUGACUAUAGCUCGUUCAACCAGCAAGGACGAUGCAUCCUUCGUUA	...((((..((((.(((((((.(((.(..((.(......(((..(((((((((.(((.(((......))))))..))))..)))))..)))).)).))))..)))..)))).)))).).)))
alignment_2	71	000110	UUGUGACGCCUGGGAGGGGCGUCCAUCUUGCACUUUGUAGUUACGUUCUCCAUAGGCGUAGACAUUGGCGUCACAUCCUCACUGGAGUUCGUACAGCCCAGAAGGACGCACCCGUCCUUCGUCCA	...(((((...((((.((((((((.(((.(..((.(......(((..(((((.(((.((.(((......)))))..)))...)))))..)))).)).).))).)))))..))).)))).))).))
alignment_2	72	000111	UUGUGAUGCUGGGAGGGACUACGUCUAGCACUUUGUAGCUAGGCUCUACAUCGCAUAGUCACUAGCGACAUCUCGCUCUGUUGUUCGUACAGCCCAGAAGUUCGAUCCGUCCUUCAGUCA	...(((((..((((.((((.((.(((.(..((.(......(.(..(.(((.((.(..(((......))).)..))...))).)..).)).)).).))).))..).))).)))).).))))
alignment_2	73	001000	UCGUAUCUAUAAUGGACUUCUUCCGGCUCGUUGAUCCUAUGCACUUUCACUGAUUUCAACUAACUGACUCUAGAACGAAACUGCGUAACGCCCGGAAGAUCGAUCUGAUAUUGAUA	...((((.(((.(((((.((((((((..((((......(((((.((((.((((..(((......))).).)))...)))).))))))))).))))))))..).)))).))).))))
alignment_2	74	001001	UCAUAUCUAUAAUGGCCUUCAACUGGCUCGUUGAUCGUACGCAGUUUUACUGCUUGCAACUAACUGCCGCAAGCAUCAAAACUGCGUAACGACCCAGUAGAUCCAGCUGAUAUUGAUA	...((((.(((.((((..((.(((((.(((((......((((((((((.((((..(((......))).)).))....))))))))))))))).))))).))....)))).))).))))
alignment_2	75	001010	UCAUAUUCAUAAUGGAGUUUUUCUUAAUGGUUGAUCUUCCGUACUCUCUACUGGUUGGGCACUAACGCCCCCCUAGAAUAGAAACUGCGGAACCAUCAGAAAAUCGAUCGCAUAUUAAUA	...((((.(((.((((..((((((.(.(((((......(((((...((((((((..(.((......)))..)).))..))))...))))))))))).))))))....)).))))).))))
alignment_2	76	001011	UUGUAUUUAUAAUGGACUUGUUCUUAUCUCGUUGAUCGUACGUACUUUUACUGGCUGCAACUAACUGCCCAUAGAAUAAAACUGCGUAACGUUACAGAACAUCAAUCGCAUAUGAAUA	...((((((((.((((..((((((.(...((((......(((((.(((((((((..(((......))).).)))..))))).))))))))).)..))))))....)).))))))))))
alignment_2	77	001100	UCAGAAUAAGCAUGGACGAACCACAUCCAUCUUGCACGUACGAACUCGUACUGGUGAGCCACUAGCGGCUGCCUAGAACACGACCGCGUAAGACGCUGUAGUCCCCAUCGUAGCUGAUUC	...((((.(((...((.(.((.(((.(..((((......(((...((((.(((((.((((......))))))).))...))))...))))))).).))).))...).))...))).))))
alignment_2	78	001101	UGAGCAUAACAAUUUACGCAACUAAAUCAUCUUGCUCGUACGAACUCGAACGCGGUGAGCCACUAGCGGCUGCCUCGGUACUCGACCGCGUAUGACGCUUUAGUUCCCCAUAGUAUGUUAUGC	...((((((((...((...(.(((((.(.((.(......(((...(((((((.(((.((((......))))))).).))..))))...)))).)).).))))))......))...))))))))
alignment_2	79	001110	UCAUUAUUUAGAAGGGACGAUAUAAAAGCAUAGAGCUCGUACGAACUAGUACAGGUCAGGCACUUUCGCCCGCCUUGAACACUGGUGCGUUAUACCCUUUAUAUCGCAUCGGAUCUUAAUAA	...(((((.(((...(((((((((((.(..((.(......(((.((((((.(((((..(((......))).))).))...)))))).)))).)).).)))))))))..))...))).)))))
alignment_2	80	001111	UCAUUAUAAAGAAUGGAUGAGCUAAAUGUAUAUUGCUCGUACGAACUAUUACAGGUGACCCACUAUCGGGUGCCUUGAACAAUAAUGCGUAAUACCCUUUAGCUCGCAUCGGAUCUCUAUAA	...(((((.(((.(.(((((((((((.(..((((......(((...((((.(((((.((((......))))))).))...))))...))))))).).))))))))..))).).))).)))))
alignment_2	81	010000	GCAUCUCAUAACAAAUUGUUGUCUUGAAUUGGGGUUGGGCUCAUCAGCAUUCAUAGAGAUUCGCGAUUAUACGCUACUCCUAACAUGAAUCCGGUAAACCCAUUCUAGUCGAAAGGGAAUGUGUAUGAGA	...(..((((((.(.((.((..((.(((.(.(((((......(...(.((((((((.(((..(((......))).).))))...)))))).)..).))))))))).))....)).))..))).)))))..
alignment_2	82	010001	GCAUUCAUUACAAAUUGACGUAUUGAAUUGGGAUUGGGCUCAUAUGUACUGAGAGGCUUCGUGACUAUACACUAGUCCAACCUCAAUCCGGUAAAUCCAUUCUAUUCGAGUAGGAAUGUGUAUGAA	...(.((((((.(....((..((.(((.(.(((((......(..((...((((.((((..(((......))).)).))...))))...)).).))))))))).))....)).....)))).)))).
alignment_2	83	010010	GAAUUUGUUACAAUGGUCGUACUUACAUUGCGCUAGGAAUGAUAAGCACUCGCAGGCUGUAGGUGCUAGAACCACACUCCAAAGCGAUUCCUGUAGUAGCCAUGUAAGUUCGAGAGGAGAUGGUACAAA	...(.(((..((....((..(((((((.((.((((......(..((...((((.((.(((.(((......))))))..))...))))...)).)..)))))))))))))....)).....))..)))).
alignment_2	84	010011	GAAUCUCGCUCCAAUUGUCGUCUUUCAUUGCGGUUGGAAUCCUAAGCACUCGGGGGGCGUAGGUGCUAGUACCUCCUCCAACCCGAUUUCUGGACAACCCAUGAAAGUCGAGAGGAGGUGGUGCGAGU	...(..(((.(((.((.((..((((((.((.(((((.....(..((...(((((.((.(.(((((....))))))..))..)))))...)).).)))))))))))))....)).))..))).))))..
alignment_2	85	010100	GACUUAAAUAGAAUGGAAGUCAUUCAUUAGGGUUAAGACUCGAAGCCUUCGGAUGCAUAUGCACUAGAGCAUUCCCACAUCCGAUUACCGUCUAACCAUCUGACUGUCGGUUGGAAUCGUUUUAA	...(.(((..((....(((.((.(((.(..(((((......((.(...(((((((.(.((((......)))))..))..)))))....).))))))))..))).)).)..))....))..)))).
alignment_2	86	010101	UACUUCAUGAGAAUGGUUGCCUUUCAUCGGGAUUGGACUCGAAGCCCUCGUAUGCAAUAAUGCACUAGAGCAUUUUCCCAAACACGAUUUCCGUCAAUCCGCUGAGAGUCGAAAGGAUAUCGUAUGAA	...(.((((.((....((..((((((.((.(((((......(.(...((((.((.(..(((((......))))))...))...))))....).)))))))).))))))....)).....)).))))).
alignment_2	87	010110	UCGUCAAUUAGAAUUGUAGGUCUCGGAGUGGCAUAGGACUCGAUGAGACCCUCGAAUGCAUAGAGACCAGACUCUUGCUCAAACUCGAUGCCGUACUAUGCACUCCAAGUCGAUCAGCAAUCGGAUUAA	...(.((((.((.(((((.(.((.((((((.(((((......(...(....((((.((.(.((((......)))))...))...))))...).).))))))))))).)).)..).).))))).))))).
alignment_2	88	010111	UCAUCAAUUGGAAUAGUAGGGCUCGUAUGGGAAUAGAGACUCGAAGCCCUCGAAUGCAUAGAUACUAGAAUCUUGCUCAGACUCGAUUCCGUAUUAUUCCCUACAAGUCGAUCAGCAAUCGGAUUAA	...(.((((.((....((.((((.(((.((.(((((.......(.(...((((.((.(.((((......)))))...))...))))...).).))))))).))).))))..).)....)).))))).
alignment_2	89	011000	CAGUCCUUACCAUGACGACGUGCCUGAGGGUCUUUCUCGCGCACUCCCUAGGCUACGCUACUGCAAGCUAGCUCUUAACGGGAAUUUCGCGACCCCCGGCACGUCAAGUGGAGGGUAGGA	...((((..((.(.((((((((((.(.(((((......(((...((((.(.((((.(((......))))))..))....))))....))))))))).))))))))..)).).))..))))
alignment_2	90	011001	CAGGCCUUACAUUUGACGGUCGUGCCUGAGUCGUUUUUCUGUCCCACUCCCUCACGCGUAAGCUACUGGAAGCUAGCCUGCGAACGGGAAUGUGCAAACGCACCGGCACGUCAAGUGGAAGUGUAGGC	...(((((((.(((.((.(.((((((.(.(.((((......(.(((.((((((.((.((.((((......))))).).)).))..)))).)).).)))))).).)))))).)..)).)))))).))))
alignment_2	91	011010	CAAUGAUUACGCCAUGACGCCCUGGCAGCGGGUUGUACUCUCGCACUCCCUCAGCUUGCGUACUGGAACGUAGCUCGUAACGGGAAAUUCCCAACCCCCGCCAGGUCACGUGUAGGGCGUAUCA	...((((..(.(....(((.((((((.(.(((.(......(.(...((((.(.(.(.((((......)))))...))....)))).....).)).))))))))))...)))...).)...))))
alignment_2	92	011011	CAUUCCUUACCAUGACGCCGUGCCAGAGGGUUGUACUCGUCGUACUCGCUCCGCUUGCGGACAGGGCCGUAACUCGUAACGCGAAAUUCCCACAACCCCGGCACGUCACGUGGAGGGUAGGA	...((((..((.(.(((.((((((.(.((((((......(.(...((((.(.(.(.((((......)))))...))....)))).....).))))))))))))))...))).).))..))))
alignment_2	93	011100	UUAUCGUUAGCUUGUAGUUGUUCCUUGGGGUCGAACUCACACACACGCGUAUAUUGCCGUAGCCACUGGAGGCUCUAUGUCAGGGCGAUUGUGUGACCCAACGGAACAUGAAUAAGCGCGGUACGA	...((((..((...((..((((((.(.(((((......(((((..(((.(..(.(...(.((((......))))).))....).)))..)))))))))))..))))))....))...))...))))
alignment_2	94	011101	UAACCGUUAGCGUGAGGUUGUUCCUGGGUGUCGAACUCACGCACCCACGUAUAAGGCCGUAGCCACUGGAGGCUCCUCUGUCAGUGUGAUCUCGUGACACCACGGAACAUGAACUACCGCGUACGG	...((((..(((..((..(((((((((.((((......(((....((((...(.(...(.((((......)))))..)).....))))....)))))))))).))))))....))..)))..))))
alignment_2	95	011110	UAAUCUUAAGUGUGAGGUUAUUCCUCGGUGUCCAAAUCACUGACCCGAAUACAGGCUUCUGCAACUGGAUGCUAACUCGUUAACUCGAUACAGUGACACGACGGAAUAUCACCUAGAACGUAAGA	...(((((.((...(((((((((((((.((((......((((...(((...(.(..(...(((......))).)...)).....)))...))))))))))).))))))..))))...)).)))))
alignment_2	96	011111	UAAUAGUAAGUGUGAAGUUCUUCCUGGGAAUCGAACUCACUGCCUCGCUACAGGCGUCAGCAACUGGAUGCUCACUCGUUAACGCGAUACAUUGAUUGCACGGAAGAUCACUUAGAACGUACUA	...(((((.((...((((((((((((..((((......(.((..((((..(.(..(..((((......)))))...)).....))))..)).))))).)).))))))..))))...)).)))))
alignment_2	97	100000	UGACAUCUAAGAAAAGCGACGUUUGUUCCGUGUUGUUCCGGCAGAUCGCCACGGCCAUGAGGCAUGACUCUUUCCAAAUGGAUUCUGCAUCACGAACGAAUGCCCCGCGAUCGGUGAUG	...((((...((...(((.((((((((.((((.(......(((((...(((.((..(.(((......))).).))...)))..)))))).))))))))))))...)))..))...))))
alignment_2	98	100001	UAAGAACCAAGAGAUGCCUAGUUUGUUCCGUGUUGUUCCGGUAAACUCCAAUACCAUUCGGCACGACGAUUUUAAAAUGGAUUCUGCAUCACGAACAAAUCCCGAGCGAUCGGGGUUC	...(((((..((..((((..(((((((.((((.(......(((...((((.((..(.(((......))).).))...))))...)))).)))))))))))...).))).))..)))))
alignment_2	99	100010	CAAGCUCCGCAGAAAGAGAGCUUGUUUCGAGUUGUUCCGGUAGACUCCGCGGCAUUCUACCAGAAGAUUCUCCGAAACGGAGUGUUCACCUCGAACAAGUCGCCUAGACUGGUGAGC	...((((..(((....((.(((((((.((((.(......(.(.(((((((((.(.(((......))).)..)))...)))))).).)).)))))))))))...))...)))..))))
alignment_2	100	100011	UAAGCUCCGGACAAAGCGAGUUUGUUCCGAGUCGUUCCGGCAGACUGCUAGGCAUUUGACCAGACAAUUUCCAAAAGCAGUGUUCGCCUCGAACAAAUCGCCGAGAGUGGUGAGC	...((((...((....((.(((((((.((((.(......(.(.((((((.((.(.(((......))).).))...)))))).).)).)))))))))))...))...))...))))
alignment_2	101	100100	UAAGUGUUACAUAAAUGGAGUUUGAUACGUGUUGUAUCGGCAGCCUCUACGCGGAAGGCACAGGAGCCUUUCGAGAAUAGGUUCUGCAUCACGAUCAAAUCUACCCAUAUGGUACAC	...((((..((((...((((((((((.((((.(......((((..((((..((((((((......))))))))....))))..))))).)))))))))).)).))..))))..))))
alignment_2	102	100101	UAAGAGAUACGUAAAUAGAGGAUUGAUCCGAAUUGGUAUGCGCAGCCUCUACUCGCCAGGCACAGGAGCCUGUCGAGAAUAGGUUCUGCACUUUCGAUCAAUUCUCACUCGUACGGUUCUC	...((((..((((...(((((((((((.((((.(.......((((..((((((((.(((((......))))).))))..))))..)))))..)))))))))))))..))..))))..))))
alignment_2	103	100110	UAAGAGCAAGUCAAAACGAUGUUUGGUCUAUGUUCAAAGGGCAGCCCCUACAGACAGGAAACAGGAUUCUUUCUUAGAUAGAUUCUUCAUCACAACCAAAUACGCCGCUGUACCAGCUC	...((((..((((...((.((((((((.(.((.(......(.((...(((((((.(((((......))))))).).).)))...)).)).)).)))))))))...)).)).))..))))
alignment_2	104	100111	UAAGAGCAACGGAAAAGCGAUCUUUGGACCAAGUUCUAACGGCAGACCCAUACUGCCAAGUUACAGGAAACUUUCGAAGAUAUAGUCUUUCAUCUCGUCCAAAUACGCCGCUGUCCGGAGCUC	...((((..((((..((((...((((((.(.((.(......(.((((..(((.((..(((((......))))).).)...))).))).).)).)).))))))).....)))).))))..))))
alignment_2	105	101000	UAAAAAUUUGAAAACGAUGCUCCUUAAUGUUGUACCCGCCGACUCCUUGUGAAUGUCACCAGAGACUUUCAAAAAGGAUUCGCCCAACACUAGGAGCUCGACGGUUCGUAUUU	...((((.((((..((..((((((.(.((((......(.(((.(((((.((((.(((......))).))))..))))).)))..))))).)))))))....)).)))).))))
alignment_2	106	101001	UAACACUUCAGAAAACGUUCGCUCCAUCAUGUUGUACCCGCCGACUCCUGUGAAUGUCACGAGAGACUUUCAAAUAGGAUUCGCCAACACGUGGAGGCUCGACGGUUCGUAGUG	...((((...(((..(((((.(((((.(.((((......(.(((.(((((((((.(((......))).))))..))))).))).))))).)))))))...)))).)))..))))
alignment_2	107	101010	UUAUCAGUAGUAAACGAUCCUGUAACAAUGUUGUACGCCGCCGACUCCUGGAUAACAGGCACCAAAGCCUGUUCUUCAAAGGAUUCGAGCGAACACGUUACGGGUCUACGGUACGUCUGA	...((((..(((..((..((((((((..((((......((((((.((((.(..(((((((......)))))))).....)))).))).))))))).))))))))....)).)))..))))
alignment_2	108	101011	GAACAAGUAGUAAACGAUCCUGUGACAUGUUGUACCCACAGACUCCUGCAUCACAGGCACCAAAGCCUGUGGUUACAAGGAUUGUACUAACACGCACGGGUCGACGGUACGUCUUG	...((((..(((..((..((((((.(.((((......(.(((.((((.(..(((((((......)))))))).....)))))).)..))))).)))))))....)).)))..))))
alignment_2	109	101100	UAAUUUCAAGUAUUCGAUGCUGCUUGGAAUUUCCACUCGGUGCACUCGGCCACAAGGGACAAGACCCUUUUGAAACCGGGUCGGACCCAAUUCCAGCAGCUCGGCGGUACCAGAAA	...((((..((((.((..((((((.((((((.......(((.(((((((.((.(((((......))))).))...)))))).).).))))))))))))))....))))))..))))
alignment_2	110	101101	UAAUUUCUAGUAAUCGAUGCUGCUUGGUGUAUCCACUCGAUGCCCUCUGCCGCAAGUGACGAAACACUUUCGAAUCAGCGUCGAACCUACACCAGCAGCUAGCCGGUACCUGAAA	...((((..(((.(((..((((((.((((((.......(.(((...(((.((.(((((......))))).))...))).))...).)))))))))))))....))))))..))))
alignment_2	111	101110	UAACUUCUAGUAAACGCUCCUGGUUGGAUCUUAGUACCCGCCGACUGUACGGCGAGUUACAAGAAACUCUCCAAAUACCGUCAGCCAGAGACCCACCAGGUCCACGUCACGUGAAG	...((((..((..(((..((((((.((.((((.......(.((((.(((.((.(((((......))))).))...))).))).).)).))))).))))))....))).))..))))
alignment_2	112	101111	UAAUUUCUAGCAAACGCUCAUGCUUGAUCUUUGUAACCUCCGACUCGACCGGCAGUGCCAAGACACUGUCGAAAUCGCGUUAGCAAGAGACCAGCAUGUCCACGUCGCGUGAAA	...((((..((..(((..((((((.(.((((.......(.((((.(((.((((((((......))))))))...))).))).).)).))).)))))))....))).))..))))
alignment_2	113	110000	CAAGUUAUUGAUAUAGGAUACUAAAUUAAAGUCGUAGUCUCGGCACUGCUUCGGCUAUAUACAAGAAUAUAUCCAAAAAGACUUCCUAGACUUCAUUUAGUUCGUCCGAAUGGGUUAAC	...((((...((...((((((((((.(.(((((......(.((.....(((.((.(((((......))))).))...)))....)).)))))).)))))))..))))..))....))))
alignment_2	114	110001	CAAAUUAUAGAUAUAGGCUACUGGAUUUCAGGUCGUAGUCACCGUAUUGCUUCCCGCUAUAGACAUGACUAUAUCGAAAAAGACUUCCGUUGACCUCAAUCCAGUCAGUCCGAAUGGGUUAAU	...((((...((...((((((((((((..(((((......(.((.....(((..((.(((((......))))).))...))).....)).)))))).)))))))).)).))..))....))))
alignment_2	115	110010	CAAAUGAUAGAUACAGGAUACUUCACGCCAGGUCGUAGUCCCAACACUUCCAUCCCACAAAAGACAAGACUUUUUUGAACAUGGACUUCUUUGGACCCGGUGAAGUUCGUCCGAAUGGGGAUCAU	...(((((..((...(((((((((((.(..((((......(..(...(((.((..((.(((((......))))).))...)))))....)..))))).))))))))..))))..))....)))))
alignment_2	116	110011	CAAUUGAUAGAUAAAGGAUACUACACGACAGGUCGUAGUCGCACCACUGCCCUCCCGCAAAAGACAACUCUUUUUCGAACAGGCACUUCGUUCGACCCUUUGUAGUUCCUCCGAAUGGGCAUCAA	...(((((..((...(((.((((((..(..((((......(.((...(((.((..((.((((((....)))))).))...)))))....)).))))).).))))))...)))..))....)))))
alignment_2	117	110100	CAAAAUUUAACAAAGGGCCUGGUGCAUUAGCUCGUAUACACCGAGUCCCCGCGCUACCGACAAGACGGUAUCGAAAGGGACUCUCGGUGAGCCAGUGCGCACUCUUCCCGAGUGGUAAUU	...((((..((...(((..(.(((((((.((((......((((((((((..((.(((((......))))).))...)))))))..))))))).)))))))).....)))..))...))))
alignment_2	118	110101	AAAAAUGUACCAAGUCGCCUGUGCUUUAGGUCGUAUCCACCCAGAGCACGCGCUACAGACAAGACUGUACUCGAAAUGCGCUUCGAUGACCCAGAGCGCAUCUUCGAGAGGUUGUCAUU	...((((.(((...(((..((((((((.((((......(.(.((.(((..((.(((((......)))))..))...))).))..).))))).))))))))....)))..)))...))))
alignment_2	119	110110	CAAAUUUAAGCAAAGUCCACUGCAAGUUAGGUCGUAUUCACUCCCUACUCCCACUAUGGACACGACCAUAUUGAAAAGUAUUCAGUGACCCAAGUGCGGUUCUUACGUGCGGUAAAU	...(((((.(((..((..((((((..(..((((......(((...((((..((.(((((......))))).))...))))...))))))).)..))))))....)).)))..)))))
alignment_2	120	110111	CAACAUUAACGAAAGUCCGCUGCAGUACUUCGUAUCCACUCCCUCCACCCACUAUUGACAAGACAAUAUUGGAAUGGACUUCAGUGAAGCAGUGCCGCUCUUACGACGGGUAAUG	...(((((.((...((..((.(((.(.((((......(((...((((.(((.(((((......))))).)))..))))....))))))).).))).))....))..))..)))))
alignment_2	121	111000	UAACGUAGAGAAAUGGCUCCGAUAUCGAGCUAGUAUACCCACACUUCAACGGAAUUCGAGAAGACGAUUUCCUACUGAAGGCUCCCGUAGCAGCUAUCAGGCAGUCCAGUCCUUACG	...(((((.((..(((((((((((.(..((((......(.(..(((((..((((.(((......))).))))...)))))..)...))))).).)))).)).)).))).)).)))))
alignment_2	122	111001	UAACAUAGAGAAAUGGCGCCGAUCUCGACACAGUAUAGACAGCACUUCACCGUGCAAUCGAGAAGACGAUUUCAUUAAUGAAGGCUCCUUAUGAGCGAUCAGGCAGUCCAAUCGUUAUG	...(((((.((..(((((((((((.(..((.(......(.(((.(((((..(((.(((((......))))).)))...))))))))..)).)).).)))).))).).))).)).)))))
alignment_2	123	111010	UAAUGUUGAGAAAAGCUACUCAGGUAUCGAGCUCGUAUUCACAUACUGCACCCGUCAGACGACACGACGUUUUCGGUCAAUGCGUCCUCUGAGCAGCUACCAUGCCGUAUCGUAUCGUAACA	...(((((.((...(.(((.((((((.(..((((......(.(...((((..((..(((((......))))).).)....))))...).))))).).)))).))..))).)...)).)))))
alignment_2	124	111011	UAAUGUCGAUAAAAGGACGGCGGUAUCGAGCUCGUAUUCAACAUAUCUCCACGCGUGUAACAACACGAUGUUAUCGGUUAAUGGAUCCUCUUGAGCUGCUACCAGCCCGUCUCGAUAGUGACA	...(((((.((...(((((((((((.(.((((((.....(..(....((((.(((.((((((......))))))).))...))))...).)))))))).)))).)).)))).)..)).)))))
alignment_2	125	111100	GAAAACAAAUAUAAAUGCUGCCGUAUCGAGAUAGUAUUCUCAAUCGUCUACCUUCAAUUAAUAACAUAAUUUAAGAAUAGACUGCUAAUAUCCGCUACAGCUCGUCAGAAUACCUGUU	...((((..(((...(((.((.(((.((.((((......(.(...(((((.(((.(((((......))))).)))..)))))...).))))))).))).))..).))..)))..))))
alignment_2	126	111101	UAAAUUAAAUGACAAGGGCUGCUCGUAUCAAAUAGUAUUCACAAUCUCUACCUUUAAUGGGUAAGACCAUUUAAUAAUAGAUGCUGUUAUUCGUACAGACUUGUCCGAGUACCUUAAU	...(((((...((...(((.(((.(((.(.((((......(((...((((..((.(((((......))))).))...))))...))))))).)))))).)..).))..))...)))))
alignment_2	127	111110	UCAAAUAGAUACAAAGGAUCCGGAAUCAGAUUGUAUUCUCAUAUCUACACCUGAAAUCGUAUCAAGAAUCAGGUUCAUAAUGUAUGGUGAAAUCAGUUCAGGUCAUCCAAGUAGUUAUU	...(((((.(((...((((((.(((.(.((((......((((...((((..((((.(.((.......).))..))))...))))..)))))))).)))).))..))))..))).)))))
alignment_2	128	111111	UAAAAUAGAUCCAAAGCGCUCAGGGAGUCAGAUAGUAUUUAUAUAUCUCCUCCUGCAAUCCACAAGAGGAGUUCAUAAAGGAUGGUGUUAUCAGCUCACGUUCAUCCGAAGGAGUUAUU	...(((((.(((...(.(..(.(.(((.(.((((......((((...((((..((.(.(((......))).).))...))))..)))))))).)))).)).....))...))).)))))
alignment_3	129	000000	UCAGCUAUUAUGAAUUUAAGCGAGCGGCUAAAAUUACCGUGCAUUUCUUACGCGCCUCCGCGCUCCAGUGAUGCACUAUGUUGCGGAGAAUAAGAAACACGUACAUA	.............(((..(((.....))).).))...((((..(((((((.....(((((((....((((...))))....)))))))..)))))))))))......
alignment_3	130	000001	UCAGCUAUUAUGACAUAAUCGAACGGCUAUAGUACCAACUUCUUUUCUUACGCGCCUACGUGCUACGGUAAUGUACCAUGUUACGUAGAAUAAGAAAAAGUGUUACAUA	............(((..............).))..(.(((...(((((((.....(((((((.((.((((...)))).)).)))))))..)))))))).))).......
alignment_3	131	000010	UCACCUAUACCCAUUUAAACGAGUGGCUAAAAUGGGAUUCAUGUCUAACGCGGCGUUGUGCUCCAGUGCUGCACUGAGUUACAACGAAUUAGACAAAUCUACAUA	..........(((((((..(....)..))).))))((((..(((((((.....((((((((((.((((...))))))).)))))))..)))))))))))......
alignment_3	132	000011	UCACGUAUACCCAUUUAAACGAGCGGCUUAAAUAGGAUUCAUUUCUAACGCGGCGACGUGCUACAGGCGCCUGCGGCUCGAGUUACGUCGUAUUAGAAAAAUCUACUUA	............(((..............).)).(((((..(((((((....((((((((((..(.(((....).)))..)).)))))))).)))))))))))).....
alignment_3	133	000100	UUCCCCAUACUUUAGAAGAAACGUGCGUCUAUCCUUAACCGAAUUAUUUCCUGCUCACCGACGUGACCGAAGUUUGACUUCUAUUACGUCGAACAGGAAAAUUCUUCCAUA	.............((.(..............).).)....((((..(((((((.....((((((((..(((((...)))))..))))))))..))))))))))).......
alignment_3	134	000101	UGCCCCAUACUUAGAUAAACGGGCGUCUAUACUACCGAAUUAAUACCUCCGCGCCGACGUGACCGGAUGUUGCAUCCUGUUACGUCGAAGAGGUAUAUUCCUACAGA	...........((((((.((....)).))).)))..((((..(((((((.....(((((((((.(((((...))))).)))))))))..))))))))))).......
alignment_3	135	000110	UUCACCGUAAGGAUGUAAACGAGCGUCUACAAUACCGCUUUACACUCCUUGCGCGCGCGAGGGGCCCGAAGGUUGCCUUCUGGUCCCUCGUAACAAGGAGAUAAGCUUACAUA	..........(((((((.((....)).))).)).))(((.(...(((((((.....((((((((((.(((((...))))).))))))))))..)))))))).).)).......
alignment_3	136	000111	UUCACCAUACGGAGUCUAACCGUGCGUCUAGAAUCACCGAUUCACAUUCCUUGCGCGCACGAGGCGACCGAGAGUUGCUCUCGGGUGCCUCGUAACAAGGAAACUAUCUUACAUA	...........((.((((((.....)).))).)))...((((....(((((((.....(((((((..(((((((...)))))))..)))))))..))))))))..))).......
alignment_3	137	001000	UCGUCAAUCCUUCGGUGUAAACACGCGGCCUACAACCUAUCAGCCAUGGCAGACGCACCAAGGGGGACGCGAUAGCUUUCUUAUAUUUUUCCCUUGAGUCUGCCAGCUGUAUAUA	.............((((((..(.....)..))).)))(((((((..((((((((....(((((((((....((((....).)))...))))))))).)))))))))))).)))..
alignment_3	138	001001	UCGUCCAUCUUUCGGUAUAAUCACGCGGCCUAUAACCUAUCAGCCAUUUCGGCCGUACCGAGGAUGACGCGGUAGCUUUCUUACAUUUUUUCCUCCAGGCCGAAAGCUGUAGAUA	..............(((...............).))(((.((((..((((((((.....(((((.......((((....).)))......)))))..)))))))))))))))...
alignment_3	139	001010	UCGUGCAUCCUUCGUUAUAUAACACGCGGCUAAUAAACGACGAGUCAAGGUUGUCGAACCCCUAAGCCUCGAUAGCUUGCUUAUAUUUAAUUAGGGAGACAACCUACUCUAUGUG	...........((((((................).))))).((((..((((((((....((((((......((((....).)))......)))))).))))))))))))......
alignment_3	140	001011	UCGUGCAUCCUUCGUUAUGUAACACGCGGCUAAUAAACGACGAGCAACUGUGCUCGCACUCCAUGUGCCGCGGAUAGCUUGCUUAUCAUUUUUACAUGGAGGAGCACAGGCUCUAUGGG	...........((((((.((........))...).))))).((((..((((((((...(((((((((.....(((((....).)))).....)))))))))))))))))))))......
alignment_3	141	001100	CUAUCCUGACUGAUUGCAGCACCACGGGGAUCCGAUAAUGCGCGCGAUAUCUUUCGCCCCGAUUAGCCGGAGAUAGCCUUGCGGUAUUUGUCCUUAAUCGAGAAAGAUAGCGCUACAUA	............((.(.....((....))...)....))..((((..((((((((....(((((((..((((((((.....)..))))..)))))))))).))))))))))))......
alignment_3	142	001101	UGAUCCAGACUGAUUGAGCAACACGGGGAACCAUAAUUCGCGCGACAUAUUUCGCCCCGCUCAGCCGAAGAGUGCUUGCGACUAUGUCCUUGAGCGAGAAAUAUGGCGCUGCGUC	............((.(...............)...))..((((..((((((((....(((((((......((((....).)))......))))))).))))))))))))......
alignment_3	143	001110	UCCUCCAUACUGACAAUUAACACGUGGAUAUUAGUUCGAGGGAUUCUUUUCGCACCGCAGAGACGACGAUGACUUGUGCAUUUGUACUUCUGCGAGAAAAGAACCUCUACAUA	............(((...............)..))..((((..((((((((....(((((((...(((((((....).))).)))..))))))).))))))))))))......
alignment_3	144	001111	UCCUCCAUACUGACAAAACACGUGGAUAUUAGUUCCAUGGAUUUCUUUCACACCGCGAAGCCGGAGAUUUCUUGAGAAUUUCUACUUUCGCGAGAAAGAAACAUGUACAUA	............(((.............)..))..((((..((((((((....(((((((..((((((((....).)))))))..))))))).))))))))))))......
alignment_3	145	010000	AUCUCCAUCAUAGUCAAGACAAGUGGCUAGGACAUUCCUCACUGGAAGUUUCACUGAUUGGACGCGAGCAUUAUGUGUGCUACCUUUCAAUCGAAACUUCCAGAGGAACCAUG	............(((..............).)).((((((..((((((((((...(((((((.(..(((((.....)))))..).))))))))))))))))))))))).....
alignment_3	146	010001	AUCUCCGUCAUAGUGGAAGAAAAGUGGCUACGCCAAGUCCUAAUCCAAGUGUCACUGAGUGGCGCGAUAAUUGUGUUAUAUGAUCACUCGAAACUUGGAAGGACCCCUG	............(.((..............).))..(((((..(((((((.((...((((((((..(((((...))))).)).)))))))).)))))))))))).....
alignment_3	147	010010	AUACUCACCAUAGAGUAGACAAGGGGUUAACUCAGCCCCAAAAAGAAAGUUUCUCUGGAUGAGGGCGAAUAUUGAGUAUUAUGAUUCAUCCGCGACUUUCUGGUGGGUCCAUG	............((((.(((.....))).)))).(((((....((((((((.(...(.(((((....(((((...)))))....)))))).).)))))))).).)))).....
alignment_3	148	010011	GUACCAACCAUAGAGUAGGAGAUGUGGCUCAUCUCAGGCCCAAAAGCGGGUUUCACUCGAUGAGCGCGAAUAUUGGGUAUUAUGAUUCAUGCGAAACCCGCUGGGGCUCCAUG	............(((...(((......)))..))).(((((...((((((((((...(.(((((((..(((((...))))).)).)))))).)))))))))).))))).....
alignment_3	149	010100	AUAUCCAUCAUAGAGGCCACAAGGGCCUCGCUCCGGCCCCAAUUCCAAUUUCCCCGAGGCGCCCGAGUGUUUGGGACAUCAAGGUGCCUCGAAAUUGGAAUGGGCUUUCUU	............((((((.....)))....))).(((((..(((((((((((...((((((((.((.((((...))))))..)))))))))))))))))))))))).....
alignment_3	150	010101	AUAUACAUCAUAGACGUCACAACCGGCUAGGUCCCGGACGCAAUUCCAGUUUCACCGAGACCCCCAGAGUGGUUGGGCCAUCUAAGGGGUCUCGAAACUGGAAUCGUCUGUCAUU	............((((((......)))...))).((((((..(((((((((((...((((((((.(((.((((...)))))))..))))))))))))))))))))))))).....
alignment_3	151	010110	AUAUCCAUCAUACAGAUAUCAAGAGGCUAACUGAGACUCAUACCAAUUUCACCCAUACAGCCGCUGGUUUGGCCAGAAGGAGUAUGGACAUUGGUAAGUCCCAUU	............(((.((((....)).)).))).((((..(((((((.....((((((..(..(((((...)))))..)..))))))..))))))))))).....
alignment_3	152	010111	AUAUUCGUCACAUUGAUAACAAGAGGCUUACAAAGACUCAUACCAACUUCCACCCGUGCGGCAGCUGGUCGGGCCAGAAGGUGCACGGAGAGUUGGUAAGUCCCAUU	............(((...............))).((((..(((((((((....(((((((.(..(((((...)))))..).))))))).))))))))))))).....
alignment_3	153	011000	UGGUCCACCCAAUGGAAACAAGCGUCUACCAACGGCCCAGUGAAAGUCCCACUGCUGAGUCGGUAUGUUACUCAUAAUAAUUCAGCGACACUUUCAAGGCCACCAUG	((((........((((.((....)).).)))..((((...(((((((.....((((((((...((((.....))))...))))))))..))))))).))))))))..
alignment_3	154	011001	CGCUCCCCCCUAUGGAAACAAGCGUCUACCAACGGCCCAAUGAAACUCACACUACUGAGUCCGAUUAUUACUUAAUAUGAUUCAGUGACAGUUUCAAGGCCACCAUG	............((((.((....)).).)))..((((...(((((((.....(((((((((..((((.....))))..)))))))))..))))))).))))......
alignment_3	155	011010	AUUCCAACCUUAUGUAUAAAAGCGGCUAACAACGGUGCAAUGUCAGGCCCACUUCCGAGCCCGGUAGUUUGUCUACAUGCUUCGGAGAACCUGACAACACCACCAUG	............(((.............)))..((((...(((((((.....((((((((...((((.....))))..)).))))))..))))))).))))......
alignment_3	156	011011	AUUCCCACUAUAUGGGUACAAGCGGCUACCAACGGUCCAAUGUCAGACCCACUGCGGAGCCCGGUUCUUUGAGAACAUGCUUCCGCGAAUCUGACAAGACCGCCAUG	............(((.............))).(((((...(((((((.....((((((((...(((((...)))))..)).))))))..))))))).))))).....
alignment_3	157	011100	AUAGUCAUCAUAUAGCUAGACCAAGCGUGCUAGCCAUACGCCCCUUAUCCGUCCCGUCUCAUGUGAUCGUUUGUUGGGCAAAAGCCUACAUGGGAAACGGAUAAGGGCACCAUG	............(.(((((((.....)).)))).))...((((.((((((((....(((((((((....(((((...)))))....))))))))).))))))))))))......
alignment_3	158	011101	AUAGCCAUCGUAUGCUAGACCAGCGGCUAGCCAACCACCCUUAUUCGUUCCGCCUGAUGCGAUCGAAUGUUGGUCAUUAGGCUGCAUCGGAAACGAAUAAGGUGACCAUG	.........((.((((((.((...)))))).))))((((.(((((((((....((((((((.((.((((.....)))).)).)))))))).)))))))))))))......
alignment_3	159	011110	AUAGCCAUCCUAGGCUAAAGCAAGCGGCUCAGGCCACGGCCCAUGUUAGCCCCACGUGAUCUGCUCGCUAAUUCGGUUAGAAUGCUAGAUCGUAAGCUAACAGGCCACCAUG	............((((..(((.....))).)).))..((((..(((((((......((((((((...(((((...)))))...)).))))))...)))))))))))......
alignment_3	160	011111	AUAACCAUCCUAGACUAAGCAGGCGGCUAGAUCACGGCCCAUGUUCGCGCCCACGUGAUGUGCUUCGUUAGUUAGGCUAAAAAGCUACAUCGCAAGCCGAACAAGGCCACCAAG	............(((((.((.....))))).))..((((..(((((((......(((((((((((..(((((...))))).)))).)))))))..).)))))).))))......
alignment_3	161	100000	UACACCAGCCUUUUAUUCACGAAGAUCUUAUAAACGAGACAUGGCCAUCCGAAUAGUGCCGUCCGGGGUGCAAUGCACCAAGAUCGGCAUAAAAGUGGCCAUCUCGUAGGG	............(.((.............))).((((((..(((((((.......((((((..(..(((((...)))))..)..))))))...).))))))))))))....
alignment_3	162	100001	AACACCAGUCUUUUAGUAACGAAGACCUACUAAACGAGCCAUGGCCAUCCGAAUAGUGCCGUCCGGAGUGCAUUGCACUCCGGUCGGCAUAAAAGUGGCCAGCUCUAAGCG	............(.((.............)))...((((..(((((((.......((((((.(((((((((...))))))))).))))))...).))))))))))......
alignment_3	163	100010	UUCACCAGCAUCUUUCUAACGAAGACAAAUGAAAACGAGCCAGUGCCGAACGCACAGAGCUGUCCCGAGUGCAGUUUCACUGGGGUCAGCUUAAAUGCGGCACGCUCUAAGGG	............(.((..............)))...((((..(((((((.......((((((.(((.((((......)))).))).))))))...).))))))))))......
alignment_3	164	100011	UUCACCAGCCUCUAUGUAACGAAGACCUAUCAAAACGAGACGCAUUGCCAUCCGAACAGAGGUAUCCCGAGUGCAGUUUCACUGUCGUUACCUUAAAAGUGGCAAUCGCUCUAGGGG	............(.((..............)))...((((....(((((((.......((((((.....((((......)))).....))))))...).)))))))..)))......
alignment_3	165	100100	UCCACCGUCCGCGUGUUUUAAAGACCUCCACAGUAGACUUCACGGUCGGACUGCGUAAUCUCGACUGCUUUUCAGUAUGGUUUACGUAUAACCGUGAUCUAUUCCGG	....(((.....(((.............)))((((((..(((((((.....(((((((.((..((((.....))))..)).)))))))..))))))))))))).)))
alignment_3	166	100101	UCCAACAUUCGCGUGCUAUGAAGACCUUCACCGUAGCCUGUGCGGUCGGACUGAGUAAUCCCGCGACUGCUUUUCAGUAUGGUGUUUACUUAUAACCGCACGCUAUACGGG	............(((.............))).(((((..(((((((.....(((((((.((((..((((.....)))).))).).)))))))..)))))))))))).....
alignment_3	167	100110	UGCACCAUCACCCGUGUCAAGAAGACCCUCACAGUGGCUCAUUCAGGUCGGACAGGGUGAUUCCGAGUACUUUGUACUAUGGUUCACCAAAAACCUGAAGACCAUACGGUG	..((((.......(((.............))).(((((...(((((((.......(((((..((((((((...))))).))).)))))....)))))))).))))..))))
alignment_3	168	100111	UGCACCAUCACCCGUGUGACGUAGACCCUCACAGUGGGCGCCUUGCUGUCGGCCAGCGUGGUUCCGACGUUCUUUGAACUGAUGGUCCACGGACAACAGCAAGCACCAUACUGGG	..........((((((.(.........).))).((((((...(((((((.(.....(((((..((((.((((...)))))..))).)))))..).))))))))).))))...)))
alignment_3	169	101000	GGCUCUCCACGGUCACCGAAGGCUUCACCACGACGCAUUUUCGCUUGAUCACUAUACACCGGAGAGCUUUAGCUCUAUGGUGUAUAAAAAAGCGAAAACGUCUACGAG	..........(((..((...))....)))..((((..(.(((((((......(((((((((.(((((....))))).)))))))))...)))))))).))))......
alignment_3	170	101001	GGCACUUUCCACAGUCACCGAAGACUUUACUACGACGCAUUUUGCUCGAUCACUUUCAACCCGAGCGCUUUAGCGCUCUGGUUGAAAUAAAAGCAAAACGUCUACGAG	((......))..(((.............)))..((((..(((((((.......((((((((.((((((....)))))).))))))))....)))))))))))......
alignment_3	171	101010	GACACUACCACGGUCCUCGAAGACUUCACCACUACGCAUUGCGGUUGAGUAAGUUUUACCGGCGGUUAGGAGACCGAUCGCAAAACUAAAACCGCAACGUAUACGAG	...........(((.............)))..((((..((((((((.....((((((..((((((((....))))).))).))))))..))))))))))))......
alignment_3	172	101011	GACACUAUCCACAGUUCCCUCGAAGACUUGAGACCACGGCGUAUUGCGGUUUAUUAAGAUUUACCGGCGGGUGAAGCCCGAUGGUAAAUCUACAACCGCAACGCCUACGAG	.............(((..............).))...((((..((((((((.....((((((((((.(((((...))))).))))))))))..))))))))))))......
alignment_3	173	101100	GACACUAGCCUCGAUUAACGAGCACCUUAUCAAGACGCAUCACACUCGAACACAAAGGUACCCGAGCACUUAGUGCUAUGGUACCUUUAUAAAGUGUGACGUCUACGCG	............(((.............))).(((((..(((((((.......(((((((((..(((((...)))))..)))))))))....)))))))))))).....
alignment_3	174	101101	CACACUAUCCUCGAUUAACGAGCACCAUAUCAAGGCACAUGACACUCGAACAUACAUGUAUCCGAAGGCGUUCGCCCUUACGGUACAUGUAUAAAGUGUCAUGCCUACGCG	............(((.............))).(((((..(((((((.....(((((((((.((((((((....).)))).))))))))))))..)))))))))))).....
alignment_3	175	101110	GAAAUGUUCCUCGUCGAACGAACACCCUGACACGGACACAAUGCAAUUGAACUGUACAUGUACGACGAACUCAUCGAGUUAUGCGUACAUGUAUCAAAUUGCAUUGUCCUACGAG	............((((...........))))..(((((..((((((((.....(((((((((((...(((((...)))))...)))))))))))..)))))))))))))......
alignment_3	176	101111	GAAACUUUCCUUGUUGAACGAACACCCUAACACUGAAAAAGGGAAUGGAACAUACAUGUACCACGAGCGCAUCGCGCUAUGCGUACAUGUAUAAAUUCCCUUUCAUACGAG	...........(((((...........))))).((((..(((((((.....((((((((((((..(((((...))))).)).))))))))))..)))))))))))......
alignment_3	177	110000	UACGCCAUUAUAUCUAGCGGAACCCCUGAGAACGACACAAUUCGGUCGGUGCCUAUCUACCCGAGGGAUGCGCCCUAUGAUAGAUAAACUACCGAAUUGUCUACGAU	............(((((.((...)))).)))..((((..(((((((.(((...((((((.(..((((.....))))..).)))))).))))))))))))))......
alignment_3	178	110001	UACACCAUAAUAGCUAAUCGAACCCCUGAGCACGACAGCAAUUCGGUCAGAAGCUAUCUACCCGAAGCCUGCGGCUUUUGAUAGAUAAGAUACCGAAUUAGUCUACGAC	............(((.............)))..((((...(((((((.......((((((.(.((((((...)))))).).))))))....)))))))).)))......
alignment_3	179	110010	UACACCAUAAUACAUAGUGGAACGUCUGAUGACUACCCAGCUCGGUCGAAACCUGGCUAACGCUGAGAGCAGAUCUCUAGGAUAAGCCAAACACCGAGCGGUAUACGUG	............(((.............)))..((((..(((((((.(.....(((((....((.((((.....)))).))...)))))..))))))))))))......
alignment_3	180	110011	UACACCAUAAUACUGAGUCGAACGUCUGCAGACAUCCCAGCUCGGUCCCGAAACCUCUCUAUCCCGAGAGCUGCACUCUAUGAUAAGAGAAACGGAACCGAGCGGAUCACGUG	............(((((.(....).)).)))..((((..(((((((.(((.....((((((((...((((.....))))..))).)))))..))).)))))))))))......
alignment_3	181	110100	UGAAGGAACCUACACUAUUCGAACGCCUAAGGAACGAUUCAUCAUCUCACAGAACCUCUCUUCCUGUACGGCUGCGCCGUAUGUUUAGAGAAACGUGAGAAGUAAUCCACGAG	............(.((.............)))...((((..(..((((((......(((((...((((((((...))))))))...)))))...)))))))..))))......
alignment_3	182	110101	UGAAGCUUCCCACACAAAGUCGCACGCCUAUGGUACGAUUCAUCAUUUCGUAGAACCCCGCUACCUCUAAGGCUGUCGCCUUAUGUUUAGCGGAACACGAAAAGUAAUCCACGAG	............(.((..............)))...((((..(..((((((.(....((((((....((((((....))))))....))))))..))))))))..))))......
alignment_3	183	110110	UGCGCCAUCCUAAAGUAGUCGAAGGACUAACUUACGUGCCGUAUGGCGGUAGCACCACUGUACCCUACGGCUUGCGACCGUAUGUUACAGUAACACCGCAUAUGCACUACGAG	............(.((((((....)))).)))...((((.((((.(((((.(....((((((.(.((((((....).))))).).))))))..))))))))))))))......
alignment_3	184	110111	UGCACCAUCCUACAGUUAGUCGAACGACUAAACGUACGAGGCAUAUGCCCGUAGCACCCCCCUACCCUGCGGCUUGCGACCGCAUGUUAGGGGAACACGGGAUAUCCUCUACGAG	..........(((.(((((((....)))))).)))).((((.((((.(((((.(....((((((.(.((((((....).))))).).))))))..))))))))))))))......
alignment_3	185	111000	UAAACCAUCCUGAUUAGACCAACACCAGAAUAGUAGGCAUUUCGGUCGAACUCCUUCUCGCCGAGAGGUGCGCUCUAUAACGAAGGUAAAACCGAAACCUAUAAGGG	............(((.............))).(((((..(((((((......(((((......((((.....)))).....)))))....)))))))))))).....
alignment_3	186	111001	UACCCAAUCCUGAUUAGCCCAGCGUCAAAAUAGUGGUCAUUUCGGACGAACGCCUUCUUCCCGAGUGCUGCGCACUAUGAAGAAGGUAAAUCCGAAAACCAUAAGUC	............(((.............))).(((((..(((((((.....(((((((((...(((((...)))))..)))))))))...)))))))))))).....
alignment_3	187	111010	UACACCAUUCUGCUUAGACGAACGCCAAAAGACUAAGCAGUUCGUUCGAACUCCUCCUUCCCGAGUUCUGCAAACUAUGACGGAGGUACAAACGAACCUUAUACCUA	............(((.............)))..((((..(((((((.(....(((((.((...((((.....))))..)).)))))..).)))))))))))......
alignment_3	188	111011	UACACCGUUUUGAUUCAGACGAACGACAAAGAUACGAGGCAUUGCGUUUCGAACUCUUUCUUCCCGAGUGCUGCACACUAUGAAGAAAGUACAAAACGCAACCUCUACCUA	............(((..............).))..((((..(((((((.......((((((((...((((.....))))..))))))))....).))))))))))......
alignment_3	189	111100	UACACCACGCUGCAGCCUACGAACGCCGAGCUGACACGGCCCUUUCUGGAGACCCCCUUUCCCAGCGUGCUGUGCACGGUGAUAAAGGAAACCAGAAAGCCUGUAGGUC	...(((......((((...((.....)).))))(((.(((..(((((((......(((((..((.(((((...))))).))..)))))...))))))))))))).))).
alignment_3	190	111101	UAAAGCAUUCUGAACCGACGAACGCCGAGUUACACGCCGUUUCGUGCGAACCCCUUUGCCCGAGUGCUAUGCACUGUGCUAAAGGAAACACGAAAGCGUUAGGUC	............(((((........)).)))..((((..(((((((......(((((((.(.(((((...)))))).)).)))))...)))))))))))......
alignment_3	191	111110	UACACGUUCCUGACGCGACGAAAGCCGGCGUACGCGACAUUGCGUGGGAACGCCUUUUCCCAGGCGCCGUGCGCCAUGAUAAAGGAAACACGCAAUCGCUCGGUC	............((((...........))))..((((..(((((((......(((((..(..(((((...)))))..)..)))))...)))))))))))......
alignment_3	192	111111	UACACGACCCUGGACGCGCCGAACGCCGACGUCACUAGACAUUGCGUACGAACGACCUUUUCCCGCGUGCCGUGCACGAAGAUAAAGGUAAAUACGCAAUCUAUCGGGC	.......(((..((((((.(....).)).))))..((((..(((((((......((((((..(..(((((...)))))..)..))))))...)))))))))))..))).
